{
    "should_hide_prose": true,
    "displaying_paradigm": false,
    "word_search_form": "amisk",
    "query_string": "amisk",
    "search_results": [
        {
            "lemma_wordform": {
                "id": 25,
                "text": "amisk",
                "raw_analysis": [
                    [],
                    "amisk",
                    [
                        "+N",
                        "+A",
                        "+Sg"
                    ]
                ],
                "fst_lemma": "amisk",
                "paradigm": "NA",
                "is_lemma": true,
                "lemma": 25,
                "slug": "amisk",
                "linguist_info": {
                    "inflectional_category": "NA-3",
                    "pos": "N",
                    "stem": "amiskw-",
                    "wordclass": "NA"
                },
                "import_hash": "e19a336ea405737fe1dc",
                "definitions": [
                    {
                        "text": "beaver",
                        "source_ids": [
                            "CW"
                        ],
                        "is_auto_translation": false
                    }
                ],
                "lemma_url": "/word/amisk/",
                "inflectional_category_plain_english": "like: masinahikanāhtik(w), askihk(w)",
                "inflectional_category_linguistic": "Consonant-/w/ animate noun stem",
                "wordclass_emoji": "🧑🏽",
                "inflectional_category": "NA-3",
                "pos": "N",
                "stem": "amiskw-",
                "wordclass": "NA"
            },
            "wordform_text": "amisk",
            "is_lemma": true,
            "definitions": [
                {
                    "text": "beaver",
                    "source_ids": [
                        "CW"
                    ],
                    "is_auto_translation": false
                }
            ],
            "lexical_info": [],
            "preverbs": [],
            "friendly_linguistic_breakdown_head": [],
            "friendly_linguistic_breakdown_tail": [
                "Naming word — like: asikan, iyiniw, maskwa",
                "one"
            ],
            "relabelled_fst_analysis": [
                {
                    "tags": [
                        "N",
                        "A"
                    ],
                    "label": "Naming word — like: asikan, iyiniw, maskwa"
                },
                {
                    "tags": [
                        "Sg"
                    ],
                    "label": "one"
                }
            ],
            "show_form_of": true
        },
        {
            "lemma_wordform": {
                "id": 48,
                "text": "amiskwaciy-wâskahikan",
                "raw_analysis": [
                    [],
                    "amiskwaciy-wâskahikan",
                    [
                        "+N",
                        "+I",
                        "+Sg"
                    ]
                ],
                "fst_lemma": "amiskwaciy-wâskahikan",
                "paradigm": "NI",
                "is_lemma": true,
                "lemma": 48,
                "slug": "amiskwaciy-wâskahikan",
                "linguist_info": {
                    "inflectional_category": "NI-1",
                    "pos": "N",
                    "stem": "amiskwaciy-wâskahikan-",
                    "wordclass": "NI"
                },
                "import_hash": "9e276901bd04d03b9835",
                "definitions": [
                    {
                        "text": "Edmonton, AB",
                        "source_ids": [
                            "CW"
                        ],
                        "is_auto_translation": false
                    },
                    {
                        "text": "Fort Edmonton",
                        "source_ids": [
                            "CW"
                        ],
                        "is_auto_translation": false
                    }
                ],
                "lemma_url": "/word/amiskwaciy-w%C3%A2skahikan/",
                "inflectional_category_plain_english": "like: cîmân, astotin",
                "inflectional_category_linguistic": "Regular inanimate noun stem",
                "wordclass_emoji": "💧",
                "inflectional_category": "NI-1",
                "pos": "N",
                "stem": "amiskwaciy-wâskahikan-",
                "wordclass": "NI"
            },
            "wordform_text": "amiskwaciy-wâskahikan",
            "is_lemma": true,
            "definitions": [
                {
                    "text": "Edmonton, AB",
                    "source_ids": [
                        "CW"
                    ],
                    "is_auto_translation": false
                },
                {
                    "text": "Fort Edmonton",
                    "source_ids": [
                        "CW"
                    ],
                    "is_auto_translation": false
                }
            ],
            "lexical_info": [],
            "preverbs": [],
            "friendly_linguistic_breakdown_head": [],
            "friendly_linguistic_breakdown_tail": [
                "Naming word — like: cîmân, wâwi",
                "one"
            ],
            "relabelled_fst_analysis": [
                {
                    "tags": [
                        "N",
                        "I"
                    ],
                    "label": "Naming word — like: cîmân, wâwi"
                },
                {
                    "tags": [
                        "Sg"
                    ],
                    "label": "one"
                }
            ],
            "show_form_of": true
        }
    ],
    "did_search": true,
    "show_dict_source_setting": true
}