{
    "nipaw_wordform": {
        "lemma_id": 25,
        "wordform": {
            "id": 25,
            "text": "amisk",
            "raw_analysis": [
                [],
                "amisk",
                [
                    "+N",
                    "+A",
                    "+Sg"
                ]
            ],
            "fst_lemma": "amisk",
            "paradigm": "NA",
            "is_lemma": true,
            "lemma": 25,
            "slug": "amisk",
            "linguist_info": {
                "inflectional_category": "NA-3",
                "pos": "N",
                "stem": "amiskw-",
                "wordclass": "NA"
            },
            "import_hash": "e19a336ea405737fe1dc",
            "definitions": [
                {
                    "text": "beaver",
                    "source_ids": [
                        "CW"
                    ],
                    "is_auto_translation": false
                }
            ],
            "lemma_url": "/word/amisk/",
            "inflectional_category_plain_english": "like: masinahikanāhtik(w), askihk(w)",
            "inflectional_category_linguistic": "Consonant-/w/ animate noun stem",
            "wordclass_emoji": "🧑🏽",
            "inflectional_category": "NA-3",
            "pos": "N",
            "stem": "amiskw-",
            "wordclass": "NA"
        },
        "paradigm": {
            "panes": [
                {
                    "tr_rows": [
                        {
                            "is_header": false,
                            "label": null,
                            "cells": [
                                {
                                    "should_suppress_output": false,
                                    "is_label": true,
                                    "is_inflection": false,
                                    "is_missing": false,
                                    "is_empty": false,
                                    "label_for": "row",
                                    "label": [
                                        "Sg"
                                    ],
                                    "row_span": 1
                                },
                                {
                                    "should_suppress_output": false,
                                    "is_label": false,
                                    "is_inflection": true,
                                    "is_missing": false,
                                    "is_empty": false,
                                    "inflection": "amisk",
                                    "recording": null,
                                    "observed": true
                                }
                            ]
                        },
                        {
                            "is_header": false,
                            "label": null,
                            "cells": [
                                {
                                    "should_suppress_output": false,
                                    "is_label": true,
                                    "is_inflection": false,
                                    "is_missing": false,
                                    "is_empty": false,
                                    "label_for": "row",
                                    "label": [
                                        "Pl"
                                    ],
                                    "row_span": 1
                                },
                                {
                                    "should_suppress_output": false,
                                    "is_label": false,
                                    "is_inflection": true,
                                    "is_missing": false,
                                    "is_empty": false,
                                    "inflection": "amiskwak",
                                    "recording": null,
                                    "observed": true
                                }
                            ]
                        },
                        {
                            "is_header": false,
                            "label": null,
                            "cells": [
                                {
                                    "should_suppress_output": false,
                                    "is_label": true,
                                    "is_inflection": false,
                                    "is_missing": false,
                                    "is_empty": false,
                                    "label_for": "row",
                                    "label": [
                                        "Obv"
                                    ],
                                    "row_span": 1
                                },
                                {
                                    "should_suppress_output": false,
                                    "is_label": false,
                                    "is_inflection": true,
                                    "is_missing": false,
                                    "is_empty": false,
                                    "inflection": "amiskwa",
                                    "recording": null,
                                    "observed": true
                                }
                            ]
                        },
                        {
                            "is_header": false,
                            "label": null,
                            "cells": [
                                {
                                    "should_suppress_output": false,
                                    "is_label": true,
                                    "is_inflection": false,
                                    "is_missing": false,
                                    "is_empty": false,
                                    "label_for": "row",
                                    "label": [
                                        "Distr"
                                    ],
                                    "row_span": 1
                                },
                                {
                                    "should_suppress_output": false,
                                    "is_label": false,
                                    "is_inflection": true,
                                    "is_missing": false,
                                    "is_empty": false,
                                    "inflection": "amiskonâhk",
                                    "recording": null,
                                    "observed": false
                                }
                            ]
                        }
                    ]
                },
                {
                    "tr_rows": [
                        {
                            "is_header": true,
                            "label": [
                                "Der/Dim"
                            ],
                            "cells": []
                        },
                        {
                            "is_header": false,
                            "label": null,
                            "cells": [
                                {
                                    "should_suppress_output": false,
                                    "is_label": true,
                                    "is_inflection": false,
                                    "is_missing": false,
                                    "is_empty": false,
                                    "label_for": "row",
                                    "label": [
                                        "Sg"
                                    ],
                                    "row_span": 1
                                },
                                {
                                    "should_suppress_output": false,
                                    "is_label": false,
                                    "is_inflection": true,
                                    "is_missing": false,
                                    "is_empty": false,
                                    "inflection": "amiskos",
                                    "recording": null,
                                    "observed": false
                                }
                            ]
                        }
                    ]
                },
                {
                    "tr_rows": [
                        {
                            "is_header": true,
                            "label": [
                                "Poss"
                            ],
                            "cells": []
                        },
                        {
                            "is_header": false,
                            "label": null,
                            "cells": [
                                {
                                    "should_suppress_output": false,
                                    "is_label": false,
                                    "is_inflection": false,
                                    "is_missing": false,
                                    "is_empty": true
                                },
                                {
                                    "should_suppress_output": false,
                                    "is_label": true,
                                    "is_inflection": false,
                                    "is_missing": false,
                                    "is_empty": false,
                                    "label_for": "col",
                                    "label": [
                                        "Sg"
                                    ]
                                },
                                {
                                    "should_suppress_output": false,
                                    "is_label": true,
                                    "is_inflection": false,
                                    "is_missing": false,
                                    "is_empty": false,
                                    "label_for": "col",
                                    "label": [
                                        "Pl"
                                    ]
                                },
                                {
                                    "should_suppress_output": false,
                                    "is_label": true,
                                    "is_inflection": false,
                                    "is_missing": false,
                                    "is_empty": false,
                                    "label_for": "col",
                                    "label": [
                                        "Obv"
                                    ]
                                }
                            ]
                        },
                        {
                            "is_header": false,
                            "label": null,
                            "cells": [
                                {
                                    "should_suppress_output": false,
                                    "is_label": true,
                                    "is_inflection": false,
                                    "is_missing": false,
                                    "is_empty": false,
                                    "label_for": "row",
                                    "label": [
                                        "Px1Sg"
                                    ],
                                    "row_span": 1
                                },
                                {
                                    "should_suppress_output": false,
                                    "is_label": false,
                                    "is_inflection": true,
                                    "is_missing": false,
                                    "is_empty": false,
                                    "inflection": "nitamisk",
                                    "recording": null,
                                    "observed": false
                                },
                                {
                                    "should_suppress_output": false,
                                    "is_label": false,
                                    "is_inflection": true,
                                    "is_missing": false,
                                    "is_empty": false,
                                    "inflection": "nitamiskwak",
                                    "recording": null,
                                    "observed": false
                                },
                                {
                                    "should_suppress_output": false,
                                    "is_label": false,
                                    "is_inflection": true,
                                    "is_missing": false,
                                    "is_empty": false,
                                    "inflection": "nitamiskwa",
                                    "recording": null,
                                    "observed": false
                                }
                            ]
                        },
                        {
                            "is_header": false,
                            "label": null,
                            "cells": [
                                {
                                    "should_suppress_output": false,
                                    "is_label": true,
                                    "is_inflection": false,
                                    "is_missing": false,
                                    "is_empty": false,
                                    "label_for": "row",
                                    "label": [
                                        "Px2Sg"
                                    ],
                                    "row_span": 1
                                },
                                {
                                    "should_suppress_output": false,
                                    "is_label": false,
                                    "is_inflection": true,
                                    "is_missing": false,
                                    "is_empty": false,
                                    "inflection": "kitamisk",
                                    "recording": null,
                                    "observed": false
                                },
                                {
                                    "should_suppress_output": false,
                                    "is_label": false,
                                    "is_inflection": true,
                                    "is_missing": false,
                                    "is_empty": false,
                                    "inflection": "kitamiskwak",
                                    "recording": null,
                                    "observed": false
                                },
                                {
                                    "should_suppress_output": false,
                                    "is_label": false,
                                    "is_inflection": true,
                                    "is_missing": false,
                                    "is_empty": false,
                                    "inflection": "kitamiskwa",
                                    "recording": null,
                                    "observed": false
                                }
                            ]
                        },
                        {
                            "is_header": false,
                            "label": null,
                            "cells": [
                                {
                                    "should_suppress_output": false,
                                    "is_label": true,
                                    "is_inflection": false,
                                    "is_missing": false,
                                    "is_empty": false,
                                    "label_for": "row",
                                    "label": [
                                        "Px3Sg"
                                    ],
                                    "row_span": 1
                                },
                                {
                                    "should_suppress_output": false,
                                    "is_label": false,
                                    "is_inflection": true,
                                    "is_missing": true,
                                    "is_empty": false
                                },
                                {
                                    "should_suppress_output": false,
                                    "is_label": false,
                                    "is_inflection": true,
                                    "is_missing": true,
                                    "is_empty": false
                                },
                                {
                                    "should_suppress_output": false,
                                    "is_label": false,
                                    "is_inflection": true,
                                    "is_missing": false,
                                    "is_empty": false,
                                    "inflection": "otamiskwa",
                                    "recording": null,
                                    "observed": false
                                }
                            ]
                        },
                        {
                            "is_header": false,
                            "label": null,
                            "cells": [
                                {
                                    "should_suppress_output": false,
                                    "is_label": true,
                                    "is_inflection": false,
                                    "is_missing": false,
                                    "is_empty": false,
                                    "label_for": "row",
                                    "label": [
                                        "Px1Pl"
                                    ],
                                    "row_span": 1
                                },
                                {
                                    "should_suppress_output": false,
                                    "is_label": false,
                                    "is_inflection": true,
                                    "is_missing": false,
                                    "is_empty": false,
                                    "inflection": "nitamiskonân",
                                    "recording": null,
                                    "observed": false
                                },
                                {
                                    "should_suppress_output": false,
                                    "is_label": false,
                                    "is_inflection": true,
                                    "is_missing": false,
                                    "is_empty": false,
                                    "inflection": "nitamiskonânak",
                                    "recording": null,
                                    "observed": false
                                },
                                {
                                    "should_suppress_output": false,
                                    "is_label": false,
                                    "is_inflection": true,
                                    "is_missing": false,
                                    "is_empty": false,
                                    "inflection": "nitamiskonâna",
                                    "recording": null,
                                    "observed": false
                                }
                            ]
                        },
                        {
                            "is_header": false,
                            "label": null,
                            "cells": [
                                {
                                    "should_suppress_output": false,
                                    "is_label": true,
                                    "is_inflection": false,
                                    "is_missing": false,
                                    "is_empty": false,
                                    "label_for": "row",
                                    "label": [
                                        "Px12Pl"
                                    ],
                                    "row_span": 1
                                },
                                {
                                    "should_suppress_output": false,
                                    "is_label": false,
                                    "is_inflection": true,
                                    "is_missing": false,
                                    "is_empty": false,
                                    "inflection": "kitamiskonaw",
                                    "recording": null,
                                    "observed": false
                                },
                                {
                                    "should_suppress_output": false,
                                    "is_label": false,
                                    "is_inflection": true,
                                    "is_missing": false,
                                    "is_empty": false,
                                    "inflection": "kitamiskonawak",
                                    "recording": null,
                                    "observed": false
                                },
                                {
                                    "should_suppress_output": false,
                                    "is_label": false,
                                    "is_inflection": true,
                                    "is_missing": false,
                                    "is_empty": false,
                                    "inflection": "kitamiskonawa",
                                    "recording": null,
                                    "observed": false
                                }
                            ]
                        },
                        {
                            "is_header": false,
                            "label": null,
                            "cells": [
                                {
                                    "should_suppress_output": false,
                                    "is_label": true,
                                    "is_inflection": false,
                                    "is_missing": false,
                                    "is_empty": false,
                                    "label_for": "row",
                                    "label": [
                                        "Px2Pl"
                                    ],
                                    "row_span": 1
                                },
                                {
                                    "should_suppress_output": false,
                                    "is_label": false,
                                    "is_inflection": true,
                                    "is_missing": false,
                                    "is_empty": false,
                                    "inflection": "kitamiskowâw",
                                    "recording": null,
                                    "observed": false
                                },
                                {
                                    "should_suppress_output": false,
                                    "is_label": false,
                                    "is_inflection": true,
                                    "is_missing": false,
                                    "is_empty": false,
                                    "inflection": "kitamiskowâwak",
                                    "recording": null,
                                    "observed": false
                                },
                                {
                                    "should_suppress_output": false,
                                    "is_label": false,
                                    "is_inflection": true,
                                    "is_missing": false,
                                    "is_empty": false,
                                    "inflection": "kitamiskowâwa",
                                    "recording": null,
                                    "observed": false
                                }
                            ]
                        },
                        {
                            "is_header": false,
                            "label": null,
                            "cells": [
                                {
                                    "should_suppress_output": false,
                                    "is_label": true,
                                    "is_inflection": false,
                                    "is_missing": false,
                                    "is_empty": false,
                                    "label_for": "row",
                                    "label": [
                                        "Px3Pl"
                                    ],
                                    "row_span": 1
                                },
                                {
                                    "should_suppress_output": false,
                                    "is_label": false,
                                    "is_inflection": true,
                                    "is_missing": true,
                                    "is_empty": false
                                },
                                {
                                    "should_suppress_output": false,
                                    "is_label": false,
                                    "is_inflection": true,
                                    "is_missing": true,
                                    "is_empty": false
                                },
                                {
                                    "should_suppress_output": false,
                                    "is_label": false,
                                    "is_inflection": true,
                                    "is_missing": false,
                                    "is_empty": false,
                                    "inflection": "otamiskowâwa",
                                    "recording": null,
                                    "observed": false
                                }
                            ]
                        },
                        {
                            "is_header": false,
                            "label": null,
                            "cells": [
                                {
                                    "should_suppress_output": false,
                                    "is_label": true,
                                    "is_inflection": false,
                                    "is_missing": false,
                                    "is_empty": false,
                                    "label_for": "row",
                                    "label": [
                                        "Px4Sg/Pl"
                                    ],
                                    "row_span": 1
                                },
                                {
                                    "should_suppress_output": false,
                                    "is_label": false,
                                    "is_inflection": true,
                                    "is_missing": true,
                                    "is_empty": false
                                },
                                {
                                    "should_suppress_output": false,
                                    "is_label": false,
                                    "is_inflection": true,
                                    "is_missing": true,
                                    "is_empty": false
                                },
                                {
                                    "should_suppress_output": false,
                                    "is_label": false,
                                    "is_inflection": true,
                                    "is_missing": false,
                                    "is_empty": false,
                                    "inflection": "otamiskoyiwa",
                                    "recording": null,
                                    "observed": false
                                }
                            ]
                        }
                    ]
                }
            ]
        },
        "paradigm_size": "full",
        "paradigm_sizes": [
            "basic",
            "full"
        ],
        "query_string": "",
        "did_search": false
    },
    "niya_recordings": null
}