{
    "words":[
        {
            "name": "word1",
            "desc": "desks",
            "voice": "unkown"
        },
        {
            "name": "word2",
            "desc": "desks",
            "voice": "unkown"
        },
        {
            "name": "word3",
            "desc": "desks",
            "voice": "unkown"
        },
        {
            "name": "word4",
            "desc": "desks",
            "voice": "unkown"
        },
        {
            "name": "word5",
            "desc": "desks",
            "voice": "unkown"
        }
    ]
}